kmer,total_count,follower_base,follower_count
GAAA,61414,T,15354
GAAA,61414,G,15356
GAAA,61414,C,15358
GAAA,61414,A,15334
AAAT,60636,T,15160
AAAT,60636,G,14412
AAAT,60636,C,15159
AAAT,60636,A,14418
AATT,61153,C,15287
AATT,61153,A,14692
AATT,61153,G,14638
AATT,61153,T,15286
ATTC,60177,T,14906
ATTC,60177,A,14980
ATTC,60177,C,14905
ATTC,60177,G,15161
TTCT,60188,C,14946
TTCT,60188,G,14984
TTCT,60188,A,14913
TTCT,60188,T,14973
TCTC,60124,G,14912
TCTC,60124,T,14956
TCTC,60124,A,14906
TCTC,60124,C,15006
CTCG,59880,T,14906
CTCG,59880,G,14924
CTCG,59880,A,14874
CTCG,59880,C,14897
TCGT,60282,A,14902
TCGT,60282,C,15012
TCGT,60282,G,15014
TCGT,60282,T,15021
CGTA,60126,A,14843
CGTA,60126,C,15210
CGTA,60126,T,14979
CGTA,60126,G,14937
GTAA,59446,A,14845
GTAA,59446,G,14855
GTAA,59446,T,14843
GTAA,59446,C,14855
TAAA,61392,T,15342
TAAA,61392,G,15356
TAAA,61392,C,15358
TAAA,61392,A,15324
CTCT,60330,C,15027
CTCT,60330,G,14992
CTCT,60330,T,15048
CTCT,60330,A,14958
CTCA,60026,A,14895
CTCA,60026,C,15278
CTCA,60026,T,14848
CTCA,60026,G,14854
TCAA,59539,A,14848
TCAA,59539,G,14887
TCAA,59539,T,14887
TCAA,59539,C,14869
CAAA,61374,T,15342
CAAA,61374,G,15344
CAAA,61374,C,15346
CAAA,61374,A,15330
TCTG,60397,A,14925
TCTG,60397,C,15025
TCTG,60397,G,15022
TCTG,60397,T,15022
CTGA,60248,A,14870
CTGA,60248,C,15264
CTGA,60248,G,14968
CTGA,60248,T,14995
TGAA,59494,A,14848
TGAA,59494,G,14862
TGAA,59494,T,14880
TGAA,59494,C,14856
TCTT,60142,A,14907
TCTT,60142,G,14954
TCTT,60142,C,14932
TCTT,60142,T,14954
CTTA,60051,A,14894
CTTA,60051,C,15300
CTTA,60051,T,14850
CTTA,60051,G,14856
TTAA,59536,A,14836
TTAA,59536,G,14886
TTAA,59536,T,14898
TTAA,59536,C,14868
TGAC,61056,A,14866
TGAC,61056,T,14882
TGAC,61056,C,14853
TGAC,61056,G,14877
GACA,59566,A,14867
GACA,59566,G,14901
GACA,59566,T,14854
GACA,59566,C,14851
ACAA,59623,A,14815
ACAA,59623,G,14922
ACAA,59623,T,14925
ACAA,59623,C,14919
TGAG,59807,A,14885
TGAG,59807,C,14911
TGAG,59807,G,14918
TGAG,59807,T,14915
GAGA,60339,A,14889
GAGA,60339,C,15309
GAGA,60339,G,14839
GAGA,60339,T,14901
AGAA,59818,A,14856
AGAA,59818,G,15003
AGAA,59818,T,15018
AGAA,59818,C,14897
TGAT,60464,A,14959
TGAT,60464,C,15146
TGAT,60464,G,15045
TGAT,60464,T,15017
GATA,60386,A,14868
GATA,60386,T,15015
GATA,60386,C,15263
GATA,60386,G,14953
ATAA,59461,A,14830
ATAA,59461,G,14834
ATAA,59461,T,14924
ATAA,59461,C,14828
CTGC,59880,C,14979
CTGC,59880,G,14868
CTGC,59880,T,14897
CTGC,59880,A,14855
TGCC,60499,A,14873
TGCC,60499,C,14947
TGCC,60499,G,14956
TGCC,60499,T,14973
GCCA,60214,A,14866
GCCA,60214,C,15255
GCCA,60214,G,14946
GCCA,60214,T,14991
CCAA,59496,A,14845
CCAA,59496,T,14884
CCAA,59496,G,14866
CCAA,59496,C,14854
TGCG,59955,A,14857
TGCG,59955,C,14900
TGCG,59955,G,14924
TGCG,59955,T,14906
GCGA,60088,A,14847
GCGA,60088,C,15209
GCGA,60088,T,14841
GCGA,60088,G,14823
CGAA,59521,A,14839
CGAA,59521,G,14882
CGAA,59521,T,14888
CGAA,59521,C,14865
TGCT,60414,A,14872
TGCT,60414,C,15025
TGCT,60414,G,15056
TGCT,60414,T,15049
GCTA,60203,A,14865
GCTA,60203,C,15255
GCTA,60203,G,14937
GCTA,60203,T,14990
CTAA,59506,A,14846
CTAA,59506,G,14865
CTAA,59506,T,14883
CTAA,59506,C,14865
CTGG,60424,C,15060
CTGG,60424,G,15035
CTGG,60424,T,15083
CTGG,60424,A,14937
TGGC,60025,A,14883
TGGC,60025,G,14885
TGGC,60025,C,14996
TGGC,60025,T,14897
GGCA,60176,A,14870
GGCA,60176,T,14969
GGCA,60176,C,15263
GGCA,60176,G,14924
GCAA,59428,A,14842
GCAA,59428,G,14842
GCAA,59428,T,14842
GCAA,59428,C,14854
TGGG,60235,A,14896
TGGG,60235,C,14977
TGGG,60235,G,14970
TGGG,60235,T,14970
GGGA,60291,A,14886
GGGA,60291,C,15309
GGGA,60291,G,14898
GGGA,60291,T,14878
GGAA,59593,A,14847
GGAA,59593,G,14900
GGAA,59593,T,14928
GGAA,59593,C,14870
TGGT,60012,A,14884
TGGT,60012,G,14903
TGGT,60012,T,14908
TGGT,60012,C,14895
GGTA,60167,A,14871
GGTA,60167,C,15263
GGTA,60167,G,14913
GGTA,60167,T,14970
CTGT,59799,C,14884
CTGT,59799,A,14856
CTGT,59799,G,14851
CTGT,59799,T,14895
TGTC,60335,A,14870
TGTC,60335,C,15099
TGTC,60335,G,14990
TGTC,60335,T,15012
GTCA,60170,A,14863
GTCA,60170,C,15255
GTCA,60170,G,14914
GTCA,60170,T,14982
TAAG,61270,G,15316
TAAG,61270,T,15302
TAAG,61270,C,15318
TAAG,61270,A,15274
AAGG,61371,G,15342
AAGG,61371,C,14654
AAGG,61371,A,15291
AAGG,61371,T,14655
AGGG,60895,C,15206
AGGG,60895,G,15206
AGGG,60895,T,15206
AGGG,60895,A,15079
GGGC,60436,A,14941
GGGC,60436,C,15114
GGGC,60436,G,14990
GGGC,60436,T,14995
GCAT,60555,T,15095
GCAT,60555,A,14949
GCAT,60555,C,15142
GCAT,60555,G,15105
CATT,59997,C,14803
CATT,59997,G,14879
CATT,59997,T,14801
CATT,59997,A,14821
TTCA,60224,A,14879
TTCA,60224,C,15313
TTCA,60224,T,14944
TTCA,60224,G,14933
CAAG,61247,G,15305
CAAG,61247,T,15303
CAAG,61247,C,15307
CAAG,61247,A,15275
ATTG,59764,A,14823
ATTG,59764,C,14989
ATTG,59764,G,14739
ATTG,59764,T,14988
TTGA,60102,A,14878
TTGA,60102,C,15268
TTGA,60102,T,14912
TTGA,60102,G,14889
GAAG,61377,G,15340
GAAG,61377,T,15338
GAAG,61377,C,15342
GAAG,61377,A,15297
ATTT,60182,A,14970
ATTT,60182,C,14911
ATTT,60182,G,15155
ATTT,60182,T,14912
TTTA,60202,A,14865
TTTA,60202,C,15312
TTTA,60202,T,14936
TTTA,60202,G,14934
GGCC,60445,A,14861
GGCC,60445,C,14812
GGCC,60445,G,14823
GGCC,60445,T,14829
CAAT,61172,A,15236
CAAT,61172,G,15286
CAAT,61172,C,15288
CAAT,61172,T,15284
AATA,60222,A,14853
AATA,60222,C,14435
AATA,60222,T,14436
AATA,60222,G,15102
CCAC,60609,C,14805
CCAC,60609,G,14827
CCAC,60609,T,14824
CCAC,60609,A,14871
CACC,59173,A,14717
CACC,59173,T,14790
CACC,59173,G,14746
CACC,59173,C,14788
ACCA,59114,A,14798
ACCA,59114,C,14633
ACCA,59114,G,15090
ACCA,59114,T,14515
CACG,59852,A,14949
CACG,59852,T,14895
CACG,59852,G,14946
CACG,59852,C,14897
ACGA,60080,A,14880
ACGA,60080,C,15223
ACGA,60080,T,15206
ACGA,60080,G,14662
CACT,59265,A,14762
CACT,59265,T,14797
CACT,59265,C,14795
CACT,59265,G,14739
ACTA,59471,A,14811
ACTA,59471,C,14944
ACTA,59471,G,15060
ACTA,59471,T,14547
CCAG,60086,C,14992
CCAG,60086,G,14990
CCAG,60086,T,14985
CCAG,60086,A,14949
CAGC,60040,A,14932
CAGC,60040,C,14993
CAGC,60040,G,14934
CAGC,60040,T,14998
AGCA,60063,A,14814
AGCA,60063,C,15084
AGCA,60063,G,14996
AGCA,60063,T,15032
CAGG,59477,A,14798
CAGG,59477,C,14846
CAGG,59477,G,14782
CAGG,59477,T,14851
AGGA,60710,A,14931
AGGA,60710,C,15310
AGGA,60710,G,15120
AGGA,60710,T,15209
CAGT,60103,A,14905
CAGT,60103,C,15015
CAGT,60103,G,14946
CAGT,60103,T,15020
AGTA,59927,A,14829
AGTA,59927,C,15085
AGTA,59927,G,14866
AGTA,59927,T,15007
CCAT,60149,C,15009
CCAT,60149,G,15000
CCAT,60149,T,14990
CCAT,60149,A,14892
CATC,60053,A,14850
CATC,60053,C,14797
CATC,60053,G,14867
CATC,60053,T,14795
ATCA,59862,A,14850
ATCA,59862,C,15095
ATCA,59862,T,14994
ATCA,59862,G,14811
CATG,60614,A,14895
CATG,60614,C,15029
CATG,60614,G,14956
CATG,60614,T,15031
ATGA,60041,A,14844
ATGA,60041,C,15219
ATGA,60041,T,14893
ATGA,60041,G,14966
ATTA,59786,A,14863
ATTA,59786,T,14894
ATTA,59786,C,15096
ATTA,59786,G,14813
GCCC,60119,A,14861
GCCC,60119,T,14848
GCCC,60119,C,14842
GCCC,60119,G,14847
CCCA,59930,C,15197
CCCA,59930,T,14839
CCCA,59930,A,14898
CCCA,59930,G,14845
CACA,59644,A,14839
CACA,59644,G,14919
CACA,59644,T,14880
CACA,59644,C,14883
GGGG,60420,T,14919
GGGG,60420,A,14893
GGGG,60420,C,14903
GGGG,60420,G,14935
GGGT,60404,G,14995
GGGT,60404,T,15007
GGGT,60404,A,14940
GGGT,60404,C,14999
GGTG,60248,T,14986
GGTG,60248,A,14909
GGTG,60248,C,14973
GGTG,60248,G,15000
GTGT,60225,C,14982
GTGT,60225,G,15016
GTGT,60225,T,15018
GTGT,60225,A,14878
TGTG,60063,A,14860
TGTG,60063,C,14913
TGTG,60063,G,14933
TGTG,60063,T,14932
GTGA,60050,A,14850
GTGA,60050,T,14850
GTGA,60050,G,14855
GTGA,60050,C,15209
TGTT,60376,A,14869
TGTT,60376,C,15004
TGTT,60376,G,15035
TGTT,60376,T,15044
GTTA,60159,A,14862
GTTA,60159,C,15255
GTTA,60159,G,14905
GTTA,60159,T,14981
GGTT,60260,A,14865
GGTT,60260,C,14840
GGTT,60260,G,14846
GGTT,60260,T,14856
TTAC,61070,A,14872
TTAC,61070,T,14889
TTAC,61070,C,14866
TTAC,61070,G,14881
TACA,59412,A,14855
TACA,59412,G,14850
TACA,59412,T,14796
TACA,59412,C,14804
TTAG,59776,A,14893
TTAG,59776,C,14904
TTAG,59776,G,14901
TTAG,59776,T,14902
TAGA,60069,A,14865
TAGA,60069,C,15259
TAGA,60069,G,14854
TAGA,60069,T,14939
TTAT,60648,A,14959
TTAT,60648,C,15142
TTAT,60648,G,15131
TTAT,60648,T,15117
TATA,60129,A,14856
TATA,60129,C,15214
TATA,60129,T,14901
TATA,60129,G,14863
GTTC,60361,C,15003
GTTC,60361,G,14899
GTTC,60361,T,14922
GTTC,60361,A,14872
TTCC,60261,A,14912
TTCC,60261,C,14853
TTCC,60261,T,14886
TTCC,60261,G,14867
TCCA,60249,A,14882
TCCA,60249,C,15313
TCCA,60249,T,14969
TCCA,60249,G,14930
TTCG,60259,A,14919
TTCG,60259,G,15023
TTCG,60259,C,14992
TTCG,60259,T,14999
TCGA,60075,A,14875
TCGA,60075,C,15268
TCGA,60075,T,14885
TCGA,60075,G,14892
TCTA,60241,A,14881
TCTA,60241,C,15313
TCTA,60241,T,14961
TCTA,60241,G,14931
GTTG,60368,C,15004
GTTG,60368,G,15029
GTTG,60368,T,15026
GTTG,60368,A,14906
TTGC,60367,A,14892
TTGC,60367,C,15109
TTGC,60367,G,15013
TTGC,60367,T,15023
TGCA,59982,A,14858
TGCA,59982,T,14888
TGCA,59982,C,15214
TGCA,59982,G,14861
TTGG,60094,A,14888
TTGG,60094,C,14934
TTGG,60094,G,14930
TTGG,60094,T,14930
TGGA,60129,A,14862
TGGA,60129,C,15259
TGGA,60129,T,14945
TGGA,60129,G,14902
TTGT,60381,A,14891
TTGT,60381,G,15037
TTGT,60381,T,15044
TTGT,60381,C,15018
TGTA,59990,A,14859
TGTA,59990,C,15214
TGTA,59990,T,14896
TGTA,59990,G,14860
GTTT,60375,C,14907
GTTT,60375,G,14945
GTTT,60375,A,14873
GTTT,60375,T,14955
TTTC,60110,A,14915
TTTC,60110,G,14917
TTTC,60110,C,15012
TTTC,60110,T,14936
TTTG,60369,A,14916
TTTG,60369,T,15030
TTTG,60369,C,15006
TTTG,60369,G,15028
CATA,60298,T,15008
CATA,60298,A,14840
CATA,60298,C,15211
CATA,60298,G,14946
ATAT,59510,A,14743
ATAT,59510,G,14644
ATAT,59510,T,14968
ATAT,59510,C,14969
ATAC,60219,T,14765
ATAC,60219,C,14752
ATAC,60219,G,14764
ATAC,60219,A,14758
TACT,59565,T,14885
TACT,59565,C,14877
TACT,59565,A,14819
TACT,59565,G,14806
ACTT,60164,G,14740
ACTT,60164,C,15236
ACTT,60164,T,15235
ACTT,60164,A,14832
CTTG,59959,C,14911
CTTG,59959,A,14877
CTTG,59959,G,14909
CTTG,59959,T,14945
ATCC,60127,A,15011
ATCC,60127,C,14870
ATCC,60127,G,15180
ATCC,60127,T,14871
ATCG,59698,A,14790
ATCG,59698,G,14702
ATCG,59698,C,15006
ATCG,59698,T,15005
CGAC,61061,T,14969
CGAC,61061,A,14865
CGAC,61061,C,14869
CGAC,61061,G,14969
GACT,59738,T,14928
GACT,59738,C,14931
GACT,59738,A,14867
GACT,59738,G,14856
ATCT,60132,A,15001
ATCT,60132,C,14876
ATCT,60132,G,15174
ATCT,60132,T,14877
CTAC,60920,T,14831
CTAC,60920,A,14871
CTAC,60920,C,14869
CTAC,60920,G,14903
ATGC,59565,A,14768
ATGC,59565,C,14958
ATGC,59565,G,14675
ATGC,59565,T,14957
GCAC,60867,T,14843
GCAC,60867,A,14824
GCAC,60867,C,14805
GCAC,60867,G,14846
ATGG,59994,A,14956
ATGG,59994,T,14849
ATGG,59994,G,15125
ATGG,59994,C,14848
GGAC,61231,T,14944
GGAC,61231,C,14906
GGAC,61231,G,14938
GGAC,61231,A,14910
ATGT,59578,A,14778
ATGT,59578,C,14952
ATGT,59578,G,14681
ATGT,59578,T,14951
GTAC,60868,T,14842
GTAC,60868,G,14836
GTAC,60868,C,14804
GTAC,60868,A,14826
TCAC,61070,T,14900
TCAC,61070,C,14866
TCAC,61070,G,14881
TCAC,61070,A,14872
TATG,60250,G,14825
TATG,60250,T,14914
TATG,60250,A,14818
TATG,60250,C,14909
GTCC,60537,A,14869
GTCC,60537,C,14849
GTCC,60537,G,14862
GTCC,60537,T,14878
GTCG,60257,A,14909
GTCG,60257,C,15001
GTCG,60257,G,15028
GTCG,60257,T,14987
CGAT,60605,A,14990
CGAT,60605,C,15135
CGAT,60605,G,15115
CGAT,60605,T,15105
GTCT,60398,A,14870
GTCT,60398,T,14951
GTCT,60398,G,14954
GTCT,60398,C,14923
CTAT,60180,A,14904
CTAT,60180,C,15015
CTAT,60180,T,14996
CTAT,60180,G,15006
GTGC,60229,A,14879
GTGC,60229,C,15072
GTGC,60229,G,14976
GTGC,60229,T,15000
GTGG,60235,A,14842
GTGG,60235,C,14858
GTGG,60235,G,14869
GTGG,60235,T,14874
GGAT,60710,A,14995
GGAT,60710,C,15159
GGAT,60710,T,15140
GGAT,60710,G,15149
GTAT,60553,A,14936
GTAT,60553,C,15136
GTAT,60553,G,15117
GTAT,60553,T,15089
TCAT,60653,A,14960
TCAT,60653,C,15142
TCAT,60653,T,15123
TCAT,60653,G,15133
TATT,60541,A,14893
TATT,60541,C,14945
TATT,60541,G,15024
TATT,60541,T,14949
TATC,60605,A,14927
TATC,60605,G,15002
TATC,60605,C,14922
TATC,60605,T,14926
TCCC,59761,A,14903
TCCC,59761,G,14846
TCCC,59761,T,14853
TCCC,59761,C,14843
CCCG,59726,C,14811
CCCG,59726,G,14966
CCCG,59726,T,14810
CCCG,59726,A,14861
CCGC,59671,A,14844
CCGC,59671,C,14837
CCGC,59671,G,14928
CCGC,59671,T,14784
CGCA,60129,A,14842
CGCA,60129,C,15210
CGCA,60129,G,14939
CGCA,60129,T,14981
AAAG,61397,T,14598
AAAG,61397,G,15350
AAAG,61397,C,14595
AAAG,61397,A,15335
AAGT,60613,C,15151
AAGT,60613,G,14469
AAGT,60613,A,14514
AAGT,60613,T,15150
AGTC,60799,C,15184
AGTC,60799,A,15036
AGTC,60799,G,15184
AGTC,60799,T,15184
CCGG,60354,A,14952
CCGG,60354,C,15000
CCGG,60354,G,15132
CCGG,60354,T,14992
CGGA,59863,A,14870
CGGA,59863,C,15195
CGGA,59863,T,14825
CGGA,59863,G,14816
CCGT,59643,A,14845
CCGT,59643,C,14804
CCGT,59643,G,14926
CCGT,59643,T,14790
CCCT,60143,C,14918
CCCT,60143,G,15064
CCCT,60143,T,14912
CCCT,60143,A,14971
CCTC,60273,A,14969
CCTC,60273,C,15032
CCTC,60273,G,15061
CCTC,60273,T,14933
CCTG,59790,A,14864
CCTG,59790,C,14850
CCTG,59790,G,14961
CCTG,59790,T,14837
CCTT,60203,A,14968
CCTT,60203,G,15059
CCTT,60203,T,14939
CCTT,60203,C,14959
TCCG,60121,A,14928
TCCG,60121,C,14963
TCCG,60121,G,14954
TCCG,60121,T,14961
CCGA,60264,C,15265
CCGA,60264,G,14977
CCGA,60264,T,15004
CCGA,60264,A,14867
CGAG,59476,A,14839
CGAG,59476,C,14822
CGAG,59476,G,14819
CGAG,59476,T,14824
CGCC,59890,A,14815
CGCC,59890,C,14815
CGCC,59890,T,14814
CGCC,59890,G,14810
CGCG,60497,A,14913
CGCG,60497,C,15077
CGCG,60497,T,15088
CGCG,60497,G,15088
CGCT,59816,A,14816
CGCT,59816,C,14883
CGCT,59816,G,14891
CGCT,59816,T,14891
CGGC,60315,A,14931
CGGC,60315,G,14991
CGGC,60315,T,15008
CGGC,60315,C,15057
CGGG,59888,A,14836
CGGG,59888,C,14894
CGGG,59888,G,14909
CGGG,59888,T,14909
CGGT,60275,A,14930
CGGT,60275,G,15004
CGGT,60275,T,15004
CGGT,60275,C,14995
GAAT,61348,A,15268
GAAT,61348,G,15333
GAAT,61348,C,15335
GAAT,61348,T,15331
TACC,59387,C,14850
TACC,59387,T,14858
TACC,59387,G,14794
TACC,59387,A,14747
ACCC,60100,G,14704
ACCC,60100,T,15273
ACCC,60100,A,14771
ACCC,60100,C,15274
TAAT,61194,A,15234
TAAT,61194,G,15296
TAAT,61194,C,15298
TAAT,61194,T,15282
CGTC,59822,A,14818
CGTC,59822,G,14857
CGTC,59822,T,14885
CGTC,59822,C,14934
CGTG,60468,A,14910
CGTG,60468,C,15056
CGTG,60468,G,15078
CGTG,60468,T,15078
CGTT,59806,A,14819
CGTT,59806,C,14868
CGTT,59806,G,14885
CGTT,59806,T,14885
CCTA,59955,C,15219
CCTA,59955,G,14847
CCTA,59955,T,14841
CCTA,59955,A,14897
CTAG,60048,A,14936
CTAG,60048,G,14985
CTAG,60048,T,14980
CTAG,60048,C,14977
CTCC,60528,A,14959
CTCC,60528,T,14981
CTCC,60528,C,14962
CTCC,60528,G,14985
TCGG,60053,T,14951
TCGG,60053,C,14941
TCGG,60053,G,14955
TCGG,60053,A,14881
AGAC,60567,T,14847
AGAC,60567,C,14834
AGAC,60567,G,14853
AGAC,60567,A,14841
ACTC,60158,G,14734
ACTC,60158,T,15241
ACTC,60158,A,14820
ACTC,60158,C,15242
GAGC,60173,G,14966
GAGC,60173,T,15034
GAGC,60173,A,14953
GAGC,60173,C,15035
AGCG,60185,T,15029
AGCG,60185,C,15029
AGCG,60185,G,15029
AGCG,60185,A,14920
GCGT,60195,A,14890
GCGT,60195,C,14989
GCGT,60195,G,15004
GCGT,60195,T,15005
AGCT,60878,C,15208
AGCT,60878,G,15208
AGCT,60878,T,15208
AGCT,60878,A,15070
GCTC,60431,A,14864
GCTC,60431,C,14997
GCTC,60431,G,14905
GCTC,60431,T,14924
GCTG,60419,A,14920
GCTG,60419,C,15015
GCTG,60419,G,15013
GCTG,60419,T,15013
GCTT,60409,A,14865
GCTT,60409,C,14912
GCTT,60409,G,14931
GCTT,60409,T,14931
GAGG,60122,A,14858
GAGG,60122,C,14892
GAGG,60122,G,14823
GAGG,60122,T,14891
GGAG,60010,A,14927
GGAG,60010,C,14943
GGAG,60010,G,14870
GGAG,60010,T,14861
AGGC,60217,C,15031
AGGC,60217,G,15031
AGGC,60217,T,15031
AGGC,60217,A,14930
GGCG,60171,A,14912
GGCG,60171,G,14989
GGCG,60171,T,14971
GGCG,60171,C,14955
GGCT,60297,A,14862
GGCT,60297,C,14851
GGCT,60297,G,14863
GGCT,60297,T,14860
AGGT,60208,C,15028
AGGT,60208,G,15028
AGGT,60208,T,15028
AGGT,60208,A,14920
GGTC,60270,A,14864
GGTC,60270,G,14831
GGTC,60270,C,14959
GGTC,60270,T,14834
GAGT,60130,A,14911
GAGT,60130,C,15024
GAGT,60130,G,14950
GAGT,60130,T,15023
AAAC,60626,G,14397
AAAC,60626,C,15156
AAAC,60626,T,15157
AAAC,60626,A,14396
AACG,60441,T,14390
AACG,60441,A,15078
AACG,60441,C,14389
AACG,60441,G,15110
ACGT,59033,G,15012
ACGT,59033,A,14929
ACGT,59033,C,14485
ACGT,59033,T,14486
GATC,60670,A,14905
GATC,60670,G,14893
GATC,60670,C,14811
GATC,60670,T,14815
GATG,60550,A,14891
GATG,60550,T,15010
GATG,60550,G,14936
GATG,60550,C,15005
GATT,60521,A,14868
GATT,60521,C,14807
GATT,60521,G,14888
GATT,60521,T,14811
GCAG,59846,A,14847
GCAG,59846,C,14799
GCAG,59846,G,14821
GCAG,59846,T,14832
CAGA,59766,A,14873
CAGA,59766,C,15110
CAGA,59766,G,14785
CAGA,59766,T,14848
GCCG,60184,A,14923
GCCG,60184,C,14994
GCCG,60184,G,14988
GCCG,60184,T,14989
GCCT,60211,A,14862
GCCT,60211,T,14872
GCCT,60211,C,14886
GCCT,60211,G,14871
GCGC,60228,A,14891
GCGC,60228,C,15078
GCGC,60228,T,14985
GCGC,60228,G,14983
GCGG,60227,A,14832
GCGG,60227,T,14857
GCGG,60227,C,14855
GCGG,60227,G,14856
TAGG,59875,T,14971
TAGG,59875,A,14858
TAGG,59875,C,14960
TAGG,59875,G,14870
ACCT,60106,A,14783
ACCT,60106,C,15268
ACCT,60106,G,14710
ACCT,60106,T,15267
TAGT,59864,A,14836
TAGT,59864,C,14956
TAGT,59864,G,14865
TAGT,59864,T,14967
TACG,59480,A,14891
TACG,59480,C,14794
TACG,59480,G,14860
TACG,59480,T,14786
GACC,59558,T,14901
GACC,59558,A,14794
GACC,59558,G,14844
GACC,59558,C,14904
GTAG,59705,C,14862
GTAG,59705,G,14873
GTAG,59705,T,14837
GTAG,59705,A,14846
TAGC,59830,A,14877
TAGC,59830,C,14944
TAGC,59830,G,14862
TAGC,59830,T,14955
TCAG,59782,A,14892
TCAG,59782,C,14903
TCAG,59782,G,14900
TCAG,59782,T,14911
TCCT,59889,A,14904
TCCT,59889,T,14889
TCCT,59889,C,14899
TCCT,59889,G,14882
TCGC,60344,A,14903
TCGC,60344,C,15115
TCGC,60344,G,15002
TCGC,60344,T,15009
ATAG,59984,T,14986
ATAG,59984,C,14970
ATAG,59984,G,14978
ATAG,59984,A,14926
AGTG,60107,G,15004
AGTG,60107,T,15004
AGTG,60107,A,14880
AGTG,60107,C,15004
GACG,59733,A,14941
GACG,59733,C,14863
GACG,59733,G,14929
GACG,59733,T,14866
AGTT,60788,C,15181
AGTT,60788,G,15181
AGTT,60788,T,15181
AGTT,60788,A,15024
AATG,60411,C,14444
AATG,60411,G,15099
AATG,60411,A,15042
AATG,60411,T,14445
CTTT,60334,A,14955
CTTT,60334,C,15016
CTTT,60334,G,15005
CTTT,60334,T,15037
AAAA,60937,G,15329
AAAA,60937,A,14948
AAAA,60937,T,14574
AAAA,60937,C,14552
CTTC,60376,A,14956
CTTC,60376,G,15002
CTTC,60376,T,15027
CTTC,60376,C,15108
ACCG,59215,T,14521
ACCG,59215,A,15012
ACCG,59215,C,14520
ACCG,59215,G,15084
CCCC,60126,C,14904
CCCC,60126,A,14972
CCCC,60126,G,15066
CCCC,60126,T,14906
ACAG,59879,G,14638
ACAG,59879,A,14698
ACAG,59879,C,15233
ACAG,59879,T,15232
AGCC,60889,A,15082
AGCC,60889,C,15211
AGCC,60889,G,15211
AGCC,60889,T,15211
TTTT,60176,C,14926
TTTT,60176,A,14902
TTTT,60176,G,14959
TTTT,60176,T,14977
AGAG,60987,T,15233
AGAG,60987,C,15233
AGAG,60987,G,15233
AGAG,60987,A,15127
ACTG,59241,C,14552
ACTG,59241,G,15054
ACTG,59241,T,14553
ACTG,59241,A,14961
AGAT,60288,C,15053
AGAT,60288,A,14962
AGAT,60288,G,15053
AGAT,60288,T,15053
AATC,61164,T,15289
AATC,61164,C,15290
AATC,61164,A,14673
AATC,61164,G,14629
AAGC,60622,T,15153
AAGC,60622,A,14493
AAGC,60622,G,14460
AAGC,60622,C,15154
ACAT,59007,T,14454
ACAT,59007,A,14980
ACAT,59007,C,14453
ACAT,59007,G,15042
ACAC,59014,A,14993
ACAC,59014,C,14447
ACAC,59014,G,15048
ACAC,59014,T,14448
ACGC,59039,A,14941
ACGC,59039,C,14479
ACGC,59039,G,15018
ACGC,59039,T,14480
ACGG,59941,A,14751
ACGG,59941,C,15201
ACGG,59941,G,14668
ACGG,59941,T,15200
CAAC,61324,C,15326
CAAC,61324,A,15316
CAAC,61324,T,15322
CAAC,61324,G,15324
AACC,61206,C,15303
AACC,61206,A,14585
AACC,61206,T,15302
AACC,61206,G,14576
GAAC,61408,C,15350
GAAC,61408,A,15328
GAAC,61408,G,15348
GAAC,61408,T,15346
TAAC,61348,C,15338
TAAC,61348,A,15316
TAAC,61348,T,15322
TAAC,61348,G,15336
AACA,60380,G,15113
AACA,60380,A,15018
AACA,60380,C,14380
AACA,60380,T,14381
AACT,61195,G,14585
AACT,61195,A,14604
AACT,61195,C,15300
AACT,61195,T,15299
AAGA,61227,A,15147
AAGA,61227,T,14646
AAGA,61227,C,14645
AAGA,61227,G,15345
